name,frame manufacturer,website,logo
24seven,True,http://www.leisurelakesbikes.com/bikes/bmx-bikes/b/24seven,
333Fab,True,http://www.333fab.com/,
3G,True,http://www.3gbikes.com/,
3T,,,
3rd Eye,,,
3rensho,True,,
45North,,,
4ZA,,,
6KU,True,http://6kubikes.com,https://files.bikeindex.org/uploads/Ma/1274/6kubikescom.png
9 zero 7,True,https://www.facebook.com/9Zero7Bikes,
A-Class,,,
A-bike,True,http://www.a-bike.co.uk/,
A2B e-bikes,True,http://www.wearea2b.com/us/,
ABI,,,
ACS,,,
AGang,True,http://www.agang.eu,
ALAN,True,http://www.alanbike.it/,
AMF,True,,
AXA,,http://www.axa-stenman.com/en/bicycle-components/locks/frame-locks/defender/,
Aardvark,,,
Abici,True,http://www.abici-italia.it/en/index.html,
Abus,,http://www.abus.com/eng/Mobile-Security/Bike-safety-and-security/Locks,
Accelerade,,,
Accell,True,http://www.accell-group.com/uk/accell-group.asp,
Access,True,https://www.performancebike.com/,
Acros,,,
Acstar,True,http://www.acstar.cz/,
Adams (Trail a bike),True,http://www.trail-a-bike.com/,
Adolphe Clément,True,,
Adventure Medical Kits,,,
Aegis,True,http://www.aegisbicycles.com/home.html,
Aerofix Cycles,True,http://www.aerofixcycles.com/,
Affinity Cycles,True,http://affinitycycles.com/,
AheadSet,,,
Airborne,True,http://www.airbornebicycles.com/,
Aist Bicycles,True,http://aist-bike.com/,
Aladdin,,,
Alcyon,True,,
Alex,,,
Alexander Leutner & Co.,True,,
Alien Bikes,True,http://alienbikes.com/,
Alienation,,,
Alite Designs,,,
All City,True,http://allcitycycles.com,https://files.bikeindex.org/uploads/Ma/371/all-city.png
Alldays & Onions,True,,
Alliance,True,http://alliancebicycles.com/,
Alton,True,http://altonus.com/,
American Bicycle Company,True,,
American Classic,,,
American Machine and Foundry,True,,
American Star Bicycle,True,,
Amoeba,True,http://www.amoebaparts.com/,
And,,,
Andiamo,,,
Answer BMX,,,
Apollo,True,http://www.apollobikes.com/,
Aqua Sphere,,,
Aquamira,,,
Arai,,,
Ares,True,http://www.aresbikes.com/,
Argon 18,True,http://www.argon18bike.com/velo.html,
Asama,True,http://www.asamabicycles.com/,
Assos,,,
Atala,True,,
Atomlab,True,http://www.atomlab.com/,
Author,True,http://www.author.eu/,
Avalon,True,http://www.walmart.com/,
Avanti,True,http://www.avantibikes.com/nz/,
Aventón,True,http://aventonbikes.com/,
Avid,,,
Axiom,,,
Axle Release,,,
Azonic,True,http://www.oneal.com/index.php/home/azonic-prime,
Azor,True,http://www.azor.nl/,
Aztec,,,
Azzuri,True,http://www.azzurribikes.com/,
BCA,,,
BH Bikes (Beistegui Hermanos),True,http://bhbikes-us.com,
BMC,True,http://www.bmc-racing.com,https://files.bikeindex.org/uploads/Ma/359/wwwbmcracingcom.png
BOB,,http://www.bobgear.com/bike-trailers,
BONT,,,
BOX,,,
BSD,,,
BULLITT,True,http://www.larryvsharry.com/english/,
BULLS Bikes,True,http://www.bullsbikesusa.com/,
Bacchetta,True,http://www.bacchettabikes.com/,
Backpacker's Pantry,,,
Backward Circle,True,http://www.backwardcircle.com/,
Bahco,,,
Bailey,True,http://www.bailey-bikes.com,
Baladeo,,,
Bamboo Cycles,True,http://bamboocycles.com/,
Banjo Brothers,,,
Banshee Bikes,True,http://www.bansheebikes.com,https://files.bikeindex.org/uploads/Ma/1066/wwwbansheebikescom.png
Bantam (Bantam Bicycle Works),True,http://www.bantambicycles.com/,
Bar Mitts,,,
Barracuda,True,http://www.barracudabikes.co.uk/,
Basso,True,http://www.bassobikes.com/,
Batavus,True,http://www.batavus.com/,
Bazooka,True,http://www.bazookasports.com/,
BeOne,True,http://www.beone-bikes.com/,
Beater Bikes,True,http://beaterbikes.net/,
Bell,,,
Bellwether,,,
Benotto,True,,
Bergamont,True,http://www.bergamont.de/,
Bertoni,True,,
Bertucci,,,
Bianchi,True,http://www.bianchi.com/,
Bickerton,True,,
Bicycle Research,,,
Big Agnes Inc,,,
Big Shot,True,http://www.bigshotbikes.com/,
Bike Fit Systems,,,
Bike Friday,True,http://bikefriday.com/,
Bike Mielec,True,http://www.bikemielec.com/,
Bike Ribbon,,,
Bike-Aid,,,
Bike-Eye,,,
Bike-O-Vision,,,
Bike4Life,True,,
BikeE recumbents,True,,
Bikes Belong,,,
Bikeverywhere,,,
Bilenky Cycle Works,True,http://www.bilenky.com/Home.html,
Biomega,True,http://biomega.dk/biomega.aspx,
BionX,,,
Birdy,True,http://www.birdybike.com/,
Biria,True,http://www.biria.com/,
Birmingham Small Arms Company,True,,
Bishop,True,http://bishopbikes.com/,
Black Diamond,,,
Black Market,True,http://www.blackmarketbikes.com,
Black Mountain Cycles,True,http://www.blackmtncycles.com/,
Black Sheep Bikes,True,http://blacksheepbikes.com/,
Blue,True,http://www.rideblue.com/,
Boardman Bikes,True,http://www.boardmanbikes.com/,
Bobbin,True,http://www.bobbinbikes.co.uk/,
BodyGlide,,,
Boeshield,,,
Bohemian Bicycles,True,http://www.bohemianbicycles.com/,
Bondhus,,,
Bonk Breaker,,,
Boo Bicycles,True,http://boobicycles.com/,
Boreal,True,http://borealbikes.com/,
Borealis (fat bikes),True,http://www.fatbike.com/,
Boreas Gear,,,
Borile,True,http://www.borile.it/gb_chi.html,
Bottecchia,True,http://www.bottecchia.co.uk/,
Boulder Bicycles,True,http://www.renehersebicycles.com/Randonneur%20bikes.htm,
Brannock Device Co.,,,
Brasil & Movimento,True,http://www.brasilemovimento.com.br,
Brave Soldier,,,
Breadwinner,True,http://breadwinnercycles.com/,
Breakbrake17 Bicycle Co.,True,http://breakbrake17.com/,
Breezer,True,http://www.breezerbikes.com/,
Brennabor,True,http://brennabor.pl/,
Bridgestone,True,http://www.bridgestone.com/,
Brilliant Bicycle,True,http://brilliant.co/,
British Eagle,True,,
Brodie,True,http://www.brodiebikes.com/2014/,
Broke Bikes,True,https://brokebik.es/,
Brompton Bicycle,True,http://www.brompton.co.uk/,
Brooklyn Bicycle Co.,True,http://www.brooklynbicycleco.com/,
Brooks England LTD.,,http://www.brooksengland.com/,
Browning,True,,
Brunswick Corporation,True,http://www.brunswick.com/,
Brush Research,,,
Budnitz,True,http://budnitzbicycles.com/,
Buff,,,
Burley,,,
Burley Design,True,http://www.burley.com/,
Bushnell,,,
Buzzy's,,,
CCM,True,,
CDI Torque Products,,,
CETMA Cargo,True,http://cetmacargo.com/,
CHUMBA Racing,True,http://chumbabikes.com/,
CRUD,,,
CST,,,
CVLN (Civilian),True,http://www.ridecvln.com/,
CX Tape,,,
Caffelatex,,,
Calcott Brothers,True,,
Calfee Design,True,http://www.calfeedesign.com/,
California Springs,,,
Caloi,True,http://www.caloi.com/home/,
Camelbak,,http://www.camelbak.com/,
Camillus,,,
Campagnolo,,http://www.campagnolo.com/,
Campion Cycle Company,True,,
Cane Creek,,http://www.canecreek.com/,
Canfield Brothers,True,http://canfieldbrothers.com/,
Cannondale,True,http://www.cannondale.com/,
Canyon bicycles,True,http://www.canyon.com/,
Carmichael Training Systems,,,
Carrera bicycles,True,http://www.carrera-podium.it/,
CatEye,,,
Catrike,True,http://www.catrike.com/,
Cayne,True,http://www.sun.bike/,
Centurion,True,http://www.centurion.de/en_int,
CeramicSpeed,,,
Cervélo,True,http://www.cervelo.com/en/,
Chadwick,,,
Challenge,,,
Charge,True,http://www.chargebikes.com/,
Chariot,True,http://www.thule.com/en-us/us/products/active-with-kids,
Chase,,,
Chater-Lea,True,,
Chicago Bicycle Company,True,,
Chris King,,,
Christiania Bikes,True,http://christianiabikes.com/en/,
Chromag,True,http://www.chromagbikes.com,
Cielo,True,http://cielo.chrisking.com/,
Cignal,True,,
Cilo,True,,
Cinelli,True,http://www.cinelli-usa.com/,
Ciocc,True,http://www.ciocc.it/,
Citizen Bike,True,http://www.citizenbike.com/,
City Bicycles Company,True,http://citybicycleco.com,https://files.bikeindex.org/uploads/Ma/937/citybicyclecocom.png
Civia,True,http://www.civiacycles.com,https://files.bikeindex.org/uploads/Ma/372/wwwciviacyclescom.png
Clark-Kent,True,,
Claud Butler,True,http://claudbutler.co.uk/,
Clean Bottle,,,
Clement,,,
Cloud Nine,,,
Club Roost,,,
Co-Motion,True,http://www.co-motion.com/,
Coker Tire,True,http://www.cokertire.com/,
Colnago,True,http://www.colnago.com/bicycles/,
Colony,True,http://www.colonybmx.com,
Colossi,True,http://www.colossicycling.com/,
Columbia,True,,
Columbus Tubing,True,http://www.columbustubi.com/,
Competition Cycles Services,,,
Condor,True,http://www.condorcycles.com/,
Conor,True,http://www.conorbikes.com/,
Continental,,,
Contour Sport,,,
Cook Bros. Racing,True,,
Cooper Bikes,True,http://www.cooperbikes.com,https://files.bikeindex.org/uploads/Ma/936/wwwcooperbikescom.png
Corima,True,http://www.corima.com/,
Corratec,True,http://www.corratec.com/,
Cortina Cycles,True,http://www.cortinacycles.com/,
Cove,True,http://covebike.com/,
Craft,,,
Crank Brothers,,,
Crank2,True,http://www.crank-2.com,
Crazy Creek,,,
Create,True,http://www.createbikes.com/,
Creme Cycles,True,http://cremecycles.com,https://files.bikeindex.org/uploads/Ma/1224/cremecyclescom.png
Crescent Moon,,,
Crew,True,http://crewbikeco.com/,
Critical Cycles,True,http://www.criticalcycles.com/,
Crumpton,True,http://www.crumptoncycles.com/,
Cruzbike,True,http://cruzbike.com/,
Cube,True,http://www.cube.eu/en/cube-bikes/,
CueClip,,,
Cult,True,http://www.cultcrew.com,https://files.bikeindex.org/uploads/Ma/362/cultcrewcom.png
Currie Technology (Currietech),True,http://www.currietech.com/,
Currys,True,http://www.currys.co.uk/gbuk/index.html,
Curtlo,True,http://www.curtlo.com/,
Cyclamatic,True,,
Cycle Dog,,,
Cycle Force Group,True,http://www.cyclefg.com/,
Cycle Stuff,,,
CycleAware,,,
CycleOps,,,
CyclePro,True,,
Cycles Fanatic,True,http://www.cyclesfanatic.com/,
Cycles Follis,True,,
Cycles Toussaint,True,http://www.cyclestoussaint.com/,
Cycleurope,True,http://www.cycleurope.com,
Cyclo,,,
Cycloc,,,
Cyfac,True,http://www.cyfac.fr/index.aspx,
CygoLite,,,
Cytosport,,,
DAJO,,,
DEAN,True,http://www.deanbikes.com,https://files.bikeindex.org/uploads/Ma/1203/wwwdeanbikescom.png
DHS,True,http://www.dhsbike.hu/,
DIG BMX,,,
DK Bikes,True,http://www.dkbicycles.com/,
DMR Bikes,True,http://www.dmrbikes.com/,
DNP,,,
DT Swiss,,,
DZ Nuts,,,
Da Bomb Bikes,True,http://www.dabombbike.com/,
Daccordi,True,http://www.daccordicicli.com/,
Dahon,True,http://www.dahon.com/,
Davidson,True,http://davidsonbicycles.com/,
Dawes Cycles,True,http://www.dawescycles.com/,
De Rosa,True,http://www.derosanews.com/,
DeBernardi,True,http://www.zarbikes.com/zar/about-debernardi.html,
DeFeet,,,
DeSalvo Cycles,True,http://www.desalvocycles.com/,
Decathlon,True,http://www.decathlon.fr,https://files.bikeindex.org/uploads/Ma/1300/wwwdecathlonfr.png
Deco,,,
Deda Elementi,,,
Deity,True,http://www.deitycomponents.com/,
Del Sol,True,http://www.ridedelsol.com/bikes,
Della Santa,True,http://dellasanta.com/,
Delta,,,
Deluxe,,,
Demolition,,,
Den Beste Sykkel,True,http://www.dbs.no/,
Dengfu,True,http://dengfubikes.com/,
Derby Cycle,True,http://www.derby-cycle.com/en.html,
Dermatone,,,
Dero,,,
Detroit Bikes,True,http://detroitbikes.com/,
Deuter,,,
Devinci,True,http://www.devinci.com/home.html,
Di Blasi Industriale,True,http://www.diblasi.it/?lng=en,
Dia-Compe,,,
DiaTech,,,
Diadora,True,http://www.diadoraamerica.com/,
Diamant,True,http://www.diamantrad.com/home/,
Diamondback,True,http://www.diamondback.com/,
Dicta,,,
Dimension,,,
Discwing,,,
Doberman,True,http:// https://www.facebook.com/DobermannBikes,
Dodici Milano,True,http://www.dodicicicli.com/,
Dolan,True,http://www.dolan-bikes.com/,
Dorel Industries,True,http://www.dorel.com/,
Downtube,True,http://www.downtube.com,https://files.bikeindex.org/uploads/Ma/1395/wwwdowntubecom.png
Dual Eyewear,,,
Dualco,,,
Dynacraft,True,http://www.dynacraftbike.com/,
Dynamic Bicycles,True,http://www.dynamicbicycles.com/,
Dyno,True,,
E-Case,,,
E. C. Stearns Bicycle Agency,True,,
EAI (Euro Asia Imports),True,http://www.euroasiaimports.com/aboutus.asp,
EBC,,,
EG Bikes (Metronome),True,http://www.egbike.com/,
EK USA,,,
EMC Bikes,True,http://www.emcbikes.com/,
ENVE Composites,,,
ESI,,,
EVS Sports,,,
EZ Pedaler (EZ Pedaler electric bikes),True,http://www.ezpedaler.com/,
Eagle Bicycle Manufacturing Company,True,http:// none,
Eagles Nest Outfitters,,,
East Germany,True,http://www.easternbikes.com/dealers/,
Eastern,True,http://easternbikes.com/,
Easy Motion,True,http://www.emotionbikesusa.com/,
Ebisu,True,http://www.jitensha.com/eng/aboutframes_e.html,
Eddy Merckx,True,http://www.eddymerckx.be/,
Edinburgh Bicycle Co-operative,True,http://www.edinburghbicycle.com/,
EighthInch,True,http://www.eighthinch.com,https://files.bikeindex.org/uploads/Ma/1090/wwweighthinchcom.png
Electra,True,http://www.electrabike.com/,
Elevn Technologies,,,
Elite SRL,,,
Elliptigo,True,http://www.elliptigo.com/,
Ellis,True,http://www.elliscycles.com/,
Ellis Briggs,True,http://www.ellisbriggscycles.co.uk/,
Ellsworth,True,http:// www.­ellsworthride.­com,
Emilio Bozzi,True,http:// none,
Endurance Films,,,
Enduro,,,
Endurox,,,
Energizer,,,
Engin Cycles,True,http://www.engincycles.com/,
Enigma Titanium,True,http://www.enigmabikes.com/,
Epic,,,
Ergon,,,
Esbit,,,
Europa,True,http://www.europacycles.com.au/,
Evelo,True,http://www.evelo.com/,
Eveready,,,
Evil,True,http://www.evil-bikes.com,https://files.bikeindex.org/uploads/Ma/1048/wwwevilbikescom.png
Evo,True,http://evobicycle.com/,
Excess Components,,,
Exustar,,,
Ezee,True,http://ezeebike.com/,
FBM,True,http://fbmbmx.com,https://files.bikeindex.org/uploads/Ma/529/fbmbmxcom.png
FRAMED,True,http://www.framedbikes.com/,
FSA (Full Speed Ahead),,,
Faggin,True,http://www.fagginbikes.com/en,
Failure,True,http://www.failurebikes.com/,
Fairdale,True,http://fairdalebikes.com/,
Falco Bikes,True,http://www.falcobike.com/,
Falcon,True,http://www.falconcycles.co.uk/CORP/aboutFalcon.html,
Faraday,True,http://www.faradaybikes.com/,
Fast Wax,,,
Fat City Cycles,True,http:// none,
Fatback,True,http://fatbackbikes.com/,
Fausto Coppi,True,,
Federal,True,http://www.federalbikes.com,https://files.bikeindex.org/uploads/Ma/113/wwwfederalbikescom.png
Felt,True,http://www.feltbicycles.com/,
Fetish,True,https://www.facebook.com/FetishCycles,
Fezzari,True,http://www.fezzari.com/,
FiberFix,,,
Fiction,,,
Field,True,http://www.fieldcycles.com/,
Finish Line,,,
Finite,,,
Firefly Bicycles,True,http://fireflybicycles.com/,
Firefox,True,http://www.firefoxbikes.com/,
Firenze,True,,
Firmstrong,True,http://www.firmstrong.com/,
First Endurance,,,
Fit bike Co.,True,,
Fizik,,,
Fleet Velo,True,http://fleetvelo.com/fv/,
Fleetwing,True,http:// none,
Flybikes,,,
Flying Pigeon,True,http://flyingpigeon-la.com/,
Flying Scot,True,http://www.flying-scot.com/core/welcome.html,
Flyxii,True,http://www.flyxii.com/,
Focale44,True,http://www.focale44bikes.com/,
Focus,True,http://www.focus-bikes.com/int/en/home.html,
Foggle,,,
Fokhan,True,,
Folmer & Schwing,True,,
Fondriest,True,http://www.fondriestbici.com,
Forge Bikes,True,http://forgebikes.com/,
Formula,,,
Fortified (lights),True,http://fortifiedbike.com/,
Foundry Cycles,True,http://foundrycycles.com/,
Fox,,,
Fram,True,http://wsid9d3eg.homepage.t-online.de,https://files.bikeindex.org/uploads/Ma/146/wsid9d3eghomepagetonlinede.png
Frances,True,http://francescycles.com/,
Francesco Moser (F. Moser),True,http://www.mosercycles.com/,
Freddie Grubb,True,,
Free Agent,True,http://www.freeagentbmx.com/,
Free Spirit,True,,
Freedom,,,
Freeload,,,
FuelBelt,,,
Fuji,True,http://www.fujibikes.com/,
Fulcrum,,,
Fyxation,True,http://www.fyxation.com/,
G Sport,,,
G-Form,,,
GMC,True,,
GT Bicycles,True,http://www.gtbicycles.com/,
GU,,,
Gamut,,,
Gardin,True,,
Garmin,,,
Gary Fisher,True,http://www.trekbikes.com/us/en/collections/gary_fisher/,
Gates Carbon Drive,,,
Gateway,,,
Gavin,True,http://www.gavinbikes.com/,
Gazelle,True,http://www.gazelle.us.com/,
Gear Aid,,,
Gear Clamp,,,
Gear Up,,,
Geax,,,
Gendron Bicycles,True,http://www.gendron-bicycles.ca/,
Genesis,True,http://www.genesisbikes.co.uk/,
Genuine Innovations,,,
Geotech,True,http://www.geotechbikes.com,
Gepida,True,http://www.gepida.eu/,
Ghost,True,http://www.ghost-bikes.com,https://files.bikeindex.org/uploads/Ma/1245/ghostbikescom.png
Giant,True,http://www.giant-bicycles.com/,
Gibbon Slacklines,,,
Gilmour,True,http://www.gilmourbicycles.us/,
Giordano,True,http://giordanobicycles.com/,
Gitane,True,http://www.gitaneusa.com/,
Glacier Glove,,,
Gladiator Cycle Company,True,http://www.cyclesgladiator.com/,
Globe,True,http://www.specialized.com/us/en/bikes/globe,
Gnome et Rhône,True,,
GoGirl,,,
Gocycle,True,http://gocycle.com/,
Gomier,True,,
Gore,,,
Gormully & Jeffery,True,,
Grab On,,,
Grabber,,,
Graber,,,
Graflex,True,http://graflex.org/,
Granite Gear,,,
Gravity,True,http://www.bikesdirect.com/,
Greenfield,,,
Greenspeed,True,http://www.greenspeed.com.au/,
Gudereit,True,http://www.gudereit.de,
Guerciotti,True,http://www.guerciotti.it/,
Gunnar,True,http://gunnarbikes.com/site/,
Guru,True,http://www.gurucycles.com/en,
Guyot Designs,,,
H Plus Son,,,
HBBC (Huntington Beach Bicycle Co),True,http://hbbcinc.com/,
HED,,,
HP Velotechnik,True,http://www.hpvelotechnik.com,
Haibike (Currietech),True,http://www.currietech.com/,
Hallstrom,True,http://www.hallstrom.no/,
Halo,,,
Hammer Nutrition,,,
Hampsten Cycles,True,http://www.hampsten.com/,
Handsome Cycles,True,http://www.handsomecycles.com,https://files.bikeindex.org/uploads/Ma/934/wwwhandsomecyclescom.png
Handspun,,,
Hanford,True,https://www.facebook.com/pages/Hanford-Cycles/230458813647205,
Haro,True,http://www.harobikes.com,
Harry Quinn,True,,
Harvey Cycle Works,True,http://harveykevin65.wix.com/harveycycleworks,
Hasa,True,http://www.hasa.com.tw/,
Hase bikes,True,http://hasebikes.com/,
Hayes,,,
Head,True,,
Headsweats,,,
Heinkel,True,http://www.heinkeltourist.com/,
Helkama,True,http://www.helkamavelox.fi/en/,
Hercules Fahrrad GmbH & Co,True,,
Heritage,True,http://www.heritagebicycles.com/,https://files.bikeindex.org/uploads/Ma/995/heritage-logo.png
Herkelmann,True,http://www.herkelmannbikes.com/,
Hero Cycles Ltd,True,http://www.herocycles.com/,
Heron,True,http://www.heronbicycles.com/,
Hetchins,True,http://www.hetchins.org/,
High Gear,,,
Highland,,,
Hija de la Coneja,True,https://www.facebook.com/hijadelaconeja,
Hillman,True,http://hillmancycles.com.au,
Hinton Cycles,True,http://www.hintoncycles.com/,
Hirschfeld,True,,
Hirzl,,,
Hobson,,,
Hoffman,True,http://hoffmanbikes.com/,
Holdsworth,True,http://www.holdsworthbikes.co.uk/,
Honey Stinger,,,
Hope,,,
House of Talents,,,
Hozan,,,
HubBub,,,
Hudz,,,
Huffy,True,http://www.huffybikes.com,https://files.bikeindex.org/uploads/Ma/175/huffybikescom.png
Hufnagel,True,http://www.hufnagelcycles.com/,
Humangear,,,
Humber,True,http://en.wikipedia.org/wiki/Humber_(bicycle),
Humble Frameworks,True,http://www.humbleframeworks.cc,https://files.bikeindex.org/uploads/Ma/954/wwwhumbleframeworkscc.png
Hunter,True,http://www.huntercycles.com/,
Hurricane Components,,,
Hurtu,True,http://en.wikipedia.org/wiki/Hurtu,
Hutchinson,,,
Hyalite Equipment,,,
Hydrapak,,,
Hyper,True,http://www.hyperbicycles.com/,
IBEX,True,http://ibexbikes.com/,
ICE Trikes (Inspired Cycle Engineering ),True,http://www.icetrikes.co/,
IMBA,,,
IRO Cycles,True,http://www.irocycle.com,
ISM,,,
IZIP (Currietech),True,http://www.currietech.com/,
Ibis,True,http://www.ibiscycles.com/bikes/,
Ice Trekkers,,,
IceToolz,,,
Ideal Bikes,True,http://www.idealbikes.net/,
Identiti,True,http://www.identitibikes.com/,
Incredibell,,,
Independent Fabrication,True,http://www.ifbikes.com/,
Industrieverband Fahrzeugbau,True,,
Industry Nine,,,
Infini,,,
Inglis (Retrotec),True,http://ingliscycles.com/,
Innerlight Cycles,True,http://www.innerlightcycles.com/,
Innova,,,
Inspired,True,http://www.inspiredbicycles.com/,
Intense,True,http://intensecycles.com/,
Iride Bicycles,True,http://www.irideusa.com/,
Iron Horse Bicycles,True,http://www.ironhorsebikes.com/,
Islabikes,True,http://www.islabikes.com/,
Issimo Designs,,,
Italvega,True,http://en.wikipedia.org/wiki/Italvega,
Itera plastic bicycle,True,,
Iver Johnson,True,,
Iverson,True,,
JMC Bicycles,True,http://www.jmccycles.com/,
JP Weigle's,,,
Jagwire,,,
Jamis,True,http://www.jamisbikes.com/usa/index.html,
Jan Jansen,True,http://www.janjanssen.nl/index.php,
Jandd,,,
Javelin,True,http://www.javbike.com/,
Jelly Belly,,,
JetBoil,,,
Jittery Joe's,,,
John Cherry bicycles,True,http://www.sandsmachine.com/bp_chery.htm,
John Deere ,True,,
Jorg & Olif,True,http://jorgandolif.com,
Juiced Riders,True,http://www.juicedriders.com/,
Juliana Bicycles,True,http://www.julianabicycles.com/en/us,
K-Edge,,,
K2,True,http://www.k2bike.com/,
KBC,,,
KHS Bicycles,True,http://khsbicycles.com/,
KMC,,,
KS,,,
KT Tape,,,
KTM,True,http://www.ktm.com/us/ready-to-race.html,
KW Bicycle,True,http://www.kwcycles.com/,
Kalkhoff,True,http://www.kalkhoff-bikes.com/,
Kalloy,,,
Katadyn,,,
Kazam,,,
Keith Bontrager,True,http://bontrager.com/history,
Kellys Bicycles,True,http://www.kellysbike.com/,
Kenda,,,
Kent,True,http://www.kentbicycles.com/,
Kestrel,True,http://www.kestrelbicycles.com/,
Kettler,True,http://www.kettler.co.uk/,
Kind Bar,,,
Kinesis,True,http://www.kinesisbikes.co.uk/,
Kinesis Industry,True,http://www.kinesis.com.tw/,
Kinetic,,,
Kinetic Koffee,,,
Kink,True,http://www.kinkbmx.com,https://files.bikeindex.org/uploads/Ma/358/wwwkinkbmxcom.png
Kinn,True,http://www.kinnbikes.com/,
Kirk,True,http://www.kirkframeworks.com/,
Kish Fabrication,True,http://www.kishbike.com/,
Kiss My Face,,,
Klean Kanteen,,,
Klein Bikes,True,,
Knog,,,
Knolly,True,http://knollybikes.com/,
Koga-Miyata,True,http://www.koga.com/koga_uk/,
Kogswell Cycles,True,,
Kona,True,http://www.konaworld.com/,
Kool Kovers,,,
Kool-Stop,,,
Kreitler,,,
Kron,True,http://kronbikes.com/,
Kronan,True,http://www.kronan.com/en/cykel,
Kross SA,True,http://www.kross.pl/,
Kryptonite,,http://www.kryptonitelock.com/Pages/Home.aspx,
Kuat,,,
Kuota,True,http://www.kuota.it/index.php,
Kustom Kruiser,True,,
Kuwahara,True,http://kuwahara-bike.com/,
LDG (Livery Design Gruppe),True,http://liverydesigngruppe.com/,
LOW//,True,http://lowbicycles.com/,
Land Shark,True,http://landsharkbicycles.com/,
Lapierre,True,http://www.lapierre-bikes.co.uk/,
Laurin & Klement,True,,
Lazer,,,
LeMond Racing Cycles,True,https://en.wikipedia.org/wiki/LeMond_Racing_Cycles,
Leader Bikes,True,http://www.leaderbikeusa.com,https://files.bikeindex.org/uploads/Ma/933/wwwleaderbikeusacom.png
Leg Lube,,,
Legacy Frameworks,True,http://legacyframeworks.com/,
Leopard,True,http://www.leopardcycles.com/,
Lezyne,,,
Light My Fire,,,
Light and Motion,,,
Lightning Cycle Dynamics,True,http://www.lightningbikes.com/,
Lightspeed,True,http://www.litespeed.com/,
Linus,True,http://www.linusbike.com/,
Liotto (Cicli Liotto Gino & Figli),True,http://www.liotto.com/,
Litespeed,True,http://www.litespeed.com/,
Liteville,True,http://www.liteville.de/,
Lizard Skins,,,
Loctite,,,
Loekie,True,http://www.loekie.nl/,
Lonely Planet,,,
Look,True,http:// www.lookcycles.com,
Lotus,True,,
Louis Garneau,True,http://www.louisgarneau.com,
Louison Bobet,True,,
Lycoming Engines,True,http://www.lycoming.textron.com/,
Lynskey,True,http://www.lynskeyperformance.com/,
M Essentials,,,
MBK,True,http://mbk-cykler.dk/,
MEC (Mountain Equipment Co-op),True,http://www.mec.ca/,
MKS,,,
MMR,True,http://www.mmrbikes.com/,
MRP,,,
MSR,,,
MTI Adventurewear,,,
Madsen,True,http://www.madsencycles.com/,
Madwagon,True,,
Magellan,,,
Magna,True,http://www.magnabike.com/,
Malvern Star,True,http://www.malvernstar.com.au/,
ManKind,True,http://mankindbmx.com/,
Mango,True,http://www.mangobikes.co.uk/,
Manhattan,True,http://www.manhattancruisers.com/,
Manitou,,,
Map Bicycles,True,http://www.mapbicycles.com/,
Maraton,True,http://www.bikemaraton.com/,
Marin Bikes,True,http://www.marinbikes.com/2013/,
Marinoni,True,http://www.marinoni.qc.ca/indexEN.html,
Marson,,,
Maruishi,True,http://en.maruishi-bike.com.cn/,
Marukin,True,http://www.marukin-bicycles.com/,
Marzocchi,,,
Masi,True,http://www.masibikes.com,
Master Lock,,http://www.masterlockbike.com,https://files.bikeindex.org/uploads/Ma/108/wwwmasterlockbikecom.png
Matchless,True,,
Matra,True,http://matra.com/pre-home/?___SID=U,
Maverick,True,http://www.maverickbike.com/,
Mavic,,,
Maxit,,,
Maxxis,,,
Mechanical Threads,,,
Meiser,,,
Melon Bicycles,True,http://www.melonbicycles.com/,
Mercian Cycles,True,http://www.merciancycles.co.uk/,
Mercier,True,http://www.cyclesmercier.com,
Merida Bikes,True,http://www.merida.com,
Merlin,True,http://www.merlinbike.com/,
Merrell,,,
MetaBikes,True,http://meta-bikes.com/,
Metric Hardware,,,
Metrofiets,True,https://metrofiets.com,https://files.bikeindex.org/uploads/Ma/1364/metrofietscom.png
Micajah C. Henley,True,,
Micargi,True,http://micargibicycles.com/,
Miche,,,
Michelin,,,
MicroShift,,,
Miele bicycles,True,http://www.mielebicycles.com/home.html,
Mikkelsen,True,http://www.mikkelsenframes.com/,
Milwaukee Bicycle Co.,True,http://www.benscycle.net/,
Minoura,,,
MirraCo ,True,http://mirrabikeco.com/,
Mirrycle,,,
Mission Bicycles,True,https://www.missionbicycle.com/,
Miyata,True,http://www.miyatabicycles.com/,
Mizutani,True,,
Modolo,,http://www.modolo.eu/,
Momentum,True,http://www.pedalmomentum.com/,
Monark,True,http://www.monarkexercise.se/,
Mondia,True,http://en.wikipedia.org/wiki/Mondia,
Mondraker,True,http://www.mondraker.com/,
Mongoose,True,http://www.mongoose.com/,
Montague,True,http://www.montaguebikes.com/,
Moots Cycles,True,http://moots.com/,
Mophie,,,
Mosaic,True,http://mosaiccycles.com/,
Moser Cicli,True,http://www.ciclimoser.com/,
Mosh,True,,
Mosso,True,http://www.mosso.com.tw/,
Moth Attack,True,http://mothattack.com/,
Motiv,True,http://www.motivelectricbikes.com,https://files.bikeindex.org/uploads/Ma/984/wwwmotivelectricbikescom.png
Motobecane,True,http://www.motobecane.com/,
Moulden,True,,
Moulton Bicycle,True,http://www.moultonbicycles.co.uk/,
Mountain Cycles,True,,
Mountainsmith,,,
Mr. Tuffy,,,
Muddy Fox,True,http://www.muddyfoxusa.com/,
Murray,True,,
Mutant Bikes,,,
Mutiny,True,http://www.mutinybikes.com/,
Müsing (Musing),True,http://www.muesing-bikes.de/,
N Gear,,,
NEMO,,,
NS Bikes,True,http://www.ns-bikes.com/,
Nakamura,True,http://www.nakamura.no/,
Naked,True,http://timetogetnaked.com/,
Nalgene,,,
Nantucket Bike Basket Company,,,
Nashbar,True,http://Nashbar.com,https://files.bikeindex.org/uploads/Ma/957/Nashbarcom.png
Nathan,,,
National,True,http://nationalmoto.com/,
Native,,,
Neil Pryde,True,http://www.neilprydebikes.com/,
Nema,,,
Neobike,True,http://www.allproducts.com/bike/neobike/,
New Albion,True,http://newalbioncycles.com/,
New Balance,,,
Next,True,http://next-bike.com/,
Niner,True,http://www.ninerbikes.com/,
Nirve,True,http://www.nirve.com/,
Nishiki,True,http://nishiki.com/,
Nite Ize,,,
NiteRider,,,
Nitto,,,
Nokon,,,
Nomad Cargo,True,https://www.facebook.com/NomadCargo,
Norco Bikes,True,http://www.norco.com/,
Norman Cycles,True,http://www.normanmotorcycles.org.uk/,
North Shore Billet,,,
Northrock,True,http://www.northrockbikes.com/,
Novara,True,,
NuVinci,,,
Nukeproof,True,http://nukeproof.com/,
Nymanbolagen,True,,
O-Stand,,,
O2,,,
ODI,,,
OHM,True,http://ohmcycles.com/,
Odyssey,,,
Ohio Travel Bag,,,
Olmo,True,http://www.olmobikes.com/,
Omnium,True,http://omniumcargo.dk/,
On-One (On One),True,http://www.on-one.co.uk/,
OnGuard,,,
One Way,,,
Opel,True,http://opelbikes.com/,
Optic Nerve,,,
Optimus,,,
Opus,True,http://opusbike.com/en/,
Orange,True,http://www.orangebikes.co.uk/,
Orange Seal,,,
Orbea,True,http://www.orbea.com/us-en/,
Orbit,True,http://www.orbit-cycles.co.uk/,
Orient Bikes,True,http://www.orient-bikes.gr/en,
Origin8 (Origin-8),True,http://www.origin-8.com/,
Ortlieb,,,
Other,True,,
Otis Guy,True,http://www.otisguycycles.com/,
Oury,,,
OutGo,,,
Owl 360,,,
Oyama,True,http://www.oyama.eu/,
Ozone,,,
PDW,,,
POC,,,
PUBLIC bikes,True,http://publicbikes.com/,
Pace Sportswear,,,
Paceline Products,,,
Pacific Cycle,True,http://www.pacific-cycles.com/,
PackTowl,,,
Pake,True,http://www.pakebikes.com,
Panaracer,,,
Panasonic,True,,
Paper Bicycle,True,http://www.paper-bicycle.com/,
Park,,,
Parkpre,True,http://www.parkpre.com/,
Parlee,True,http://www.parleecycles.com,https://files.bikeindex.org/uploads/Ma/700/wwwparleecyclescom.png
Pasculli,True,http://www.pasculli.de,https://files.bikeindex.org/uploads/Ma/1444/pasculli_typo.png
Pashley Cycles,True,http://www.pashley.co.uk/,
Patria,True,http://www.patria.net/en/bicycles/,
Paul,,http://www.paulcomp.com/,
Pearl Izumi,,,
Pedco,,,
Pedego,True,http://www.pedegoelectricbikes.com/,
Pedersen bicycle,True,http://www.pedersenbicycles.com/,
Pedro's,,,
Pegasus,True,http://www.pegasus-bikes.de/startseite/,
Pegoretti,True,http://www.gitabike.com/cgi-bin/shop/pegoretti_loadhome.cgi?file=pegoretti.html,
Penguin Brands,,,
Pereira,True,http://www.pereiracycles.com/,
Performance,True,http://www.performancebike.com/bikes,
Peugeot,True,http://www.peugeot.com/en/products-services/cycles,
Phat Cycles,True,http://www.phatcycles.com/,
Phil Wood,,,
Philips,,,
Phillips Cycles,True,http://www.phillipscycles.co.uk/,
Phoenix,True,http://www.cccme.org.cn/,
Phorm,,,
Pierce-Arrow,True,http://www.pierce-arrow.org,
Pilen,True,http://www.pilencykel.se/site/en/home,
Pinarello,True,http://www.racycles.com/,
Pinhead,,http://www.pinheadcomponents.com/,
Pitlock,,http://www.pitlock.com/,
Pivot,True,http://www.pivotcycles.com/,
Planet Bike,,,
Planet X,True,http://www.planet-x-bikes.co.uk/,
Platypus,,,
Pletscher,,,
Po Campo,,,
Pocket Bicycles,True,,
Pogliaghi,True,http://en.wikipedia.org/wiki/Pogliaghi,
Polar,,,
Polar Bottles,,,
Polygon,True,http://www.polygonbikes.com/,
Pope Manufacturing Company,True,,
Power Grips,,,
PowerBar,,,
PowerTap,,,
Premium,True,http://www.premiumbmx.com/,
Price,True,http://www.price-bikes.ch/,
Primal Wear,,,
Primo,,,
Primus Mootry (PM Cycle Fabrication),True,http://www.primusmootry.com/,
Princeton Tec,,,
Principia,True,http://www.principia.dk/gb/,
Priority Bicycles,True,http://www.prioritybicycles.com/,
Private label,True,,
Pro-tec,,,
ProBar,,,
ProGold,,,
Problem Solvers,,,
Procycle Group,True,http://www.procycle.com/en/default.asp,
Prodeco,True,http://prodecotech.com/,
Profile Design,,,
Profile Racing,,,
Prologo,,,
Promax,,,
Prophete,True,http://www.prophete.de/,
Puch,True,http://www.puch.at/,
Pure City,True,http://purecitycycles.com/,
Pure Fix,True,http://purefixcycles.com/,
Python,True,http://www.pythonbikes.com/,
Python Pro,True,http://pythonpro.dk/,
Q-Outdoor,,,
Q-Tubes,,,
QBP,,,
Quadrant Cycle Company,True,,
Quest,,,
Quik Stik,,,
Quintana Roo,True,http://www.quintanarootri.com/,
R12,,,
RIH,True,http://www.rih.nl,
RPM,,,
RRB (Rat Rod Bikes),True,https://www.facebook.com/ratrodbikescom,
RST,,,
Rabeneick,True,http://www.rabeneick.de/bikes/,
RaceFace,,,
Racktime,,,
Radio Bike Co,True,http://www.radiobikes.com/,
Radio Flyer,True,http://www.radioflyer.com/trikes.html,
Raleigh,True,http://www.raleighusa.com/,
Ram,True,http://www.ram-bikes.com/eng/,
Rambler,True,http://en.wikipedia.org/wiki/Rambler_(bicycle),
Rans Designs,True,http://www.rans.com/,
RavX,,http://ravx.com/,
Rawland Cycles,True,https://www.rawlandcycles.com/,
Razor,True,http://www.razor.com/,
ReTale,,,
Redline,True,http://www.redlinebicycles.com,https://files.bikeindex.org/uploads/Ma/955/wwwredlinebicyclescom.png
Redlof,True,,
Reflect Sports,,,
Regina,True,http://www.reginabikes.it/,
Rema,,,
Renthal,,,
René Herse,True,http://www.renehersebicycles.com/,
Republic,True,http://www.republicbike.com/,
Republic of China,True,,
Resist,,,
Retrospec,True,http://www.retrospecbicycles.com/,
Revelate Designs,,,
Revolights,,http://revolights.com/,
Rhythm,,,
Ribble,True,http://www.ribblecycles.co.uk/,
Ride2,,,
Ridgeback,True,http://www.ridgeback.co.uk/,
Ridley,True,http://www.ridley-bikes.com/be/nl/intro,
Riese und Müller,True,http://www.en.r-m.de/,
Ritchey,True,http://ritcheylogic.com/,
Ritte,True,http://rittecycles.com/,
Rivendell Bicycle Works,True,http://www.rivbike.com/,
Roadmaster,True,,
Roberts Cycles,True,http://www.robertscycles.com/,
Robin Hood,True,http://www.robinhoodcycles.com/,
Rock Lobster,True,http://www.rocklobstercycles.com/,
Rock-N-Roll,,,
RockShox,,,
Rocky Mountain Bicycles,True,,
Rocky Mounts,,,
Rodriguez,True,http://www.rodbikes.com/,
Rohloff,,,
Rokform,,,
Rola,,,
Rosko,True,http://rosko.cc/,
Ross,True,http://www.randyrrross.com/,
Rossignol,,,
Rossin,True,http://rossinbikes.it/,
Rover Company,True,http://www.randyrrross.com/,
Rowbike,True,http://www.rowbike.com/,
Rox,,,
Royal,,,
Royce Union ,True,http://royceunionbikes.com/,
Rudge-Whitworth,True,,
S and M (S&M),True,http://www.sandmbikes.com,https://files.bikeindex.org/uploads/Ma/361/wwwsandmbikescom.png
S and S,,,
SCOTT,True,http://www.scott-sports.com/global/en/,
SDG,,,
SE Bikes (SE Racing),True,http://www.sebikes.com,https://files.bikeindex.org/uploads/Ma/363/wwwsebikescom.png
SKS,,,
SLS3,,,
SR Suntour,,,
SRAM,,http://www.sram.com,https://files.bikeindex.org/uploads/Ma/807/wwwsramcom.png
SST,,,
START,,,
SWEAT GUTR,,,
Salomon,,,
Salsa,True,http://salsacycles.com/,
SaltStick,,,
Samchuly,True,http://www.samchuly.co.kr/main/main.html,
Sancineto,True,,
Sanderson,True,http://sanderson-cycles.com,
Santa Cruz,True,http://www.santacruzbicycles.com/en,
Santana Cycles,True,http://www.santanatandem.com/,
Saracen Cycles,True,http://www.saracen.co.uk/,
Saris,,,
Scania AB,True,http://scania.com/,
Scattante,True,http://www.performancebike.com/webapp/wcs/stores/servlet/SubCategory_10052_10551_400759_-1_400345_400345,
Schindelhauer,True,http://www.schindelhauerbikes.com/,
Schwalbe,,,
Schwinn,True,http://www.schwinnbikes.com/,
Scotty,,,
Seal Line,,,
Sears Roebuck,True,,
Season,True,http://seasonbikesbmx.com/,
Seattle Sports Company,,,
Sekai,True,,
Sekine,True,,
Selle Anatomica,,http://selleanatomica.com,https://files.bikeindex.org/uploads/Ma/1289/selleanatomicacom.png
Selle Italia,,,
Selle Royal,,,
Selle San Marco,,,
Serfas,,https://www.serfas.com/,
Serotta,True,http://serotta.com/,
Sette,True,http://www.settebikes.com/,
Seven Cycles,True,http://www.sevencycles.com/,
Shadow Conspiracy,True,http://www.theshadowconspiracy.com/,
Shelby Cycle Company,True,,
Sherpani,,,
Shimano,,http://bike.shimano.com,https://files.bikeindex.org/uploads/Ma/366/bikeshimanocom.png
Shinola,True,http://www.shinola.com/,
Shogun,True,,
Shredder,True,http://lilshredder.com/,
Sidi,,,
Sierra Designs,,,
Sigma,,,
Silca,,,
Simcoe,True,http://simcoebicycles.com/,
Simple Green,,,
Simplon,True,http://www.simplon.com,https://files.bikeindex.org/uploads/Ma/1270/wwwsimploncom.png
Simson,True,,
Sinclair Research,True,http://www.sinclairzx.com/,
Singletrack Solutions,,,
Sinz,,,
Six-Eleven,True,http://sixelevenbicycleco.com/,
SixSixOne,,,
Skadi,,,
Skinz,,,
Skratch Labs,,,
Skyway ,True,,
Slime,,,
Smartwool,,,
SockGuy,,,
Sohrab Cycles,True,http://www.sohrab-cycles.com/index.php,
Solex,True,http://www.solexworld.com/en/,
Solio,,,
Solé (Sole bicycles),True,http://www.solebicycles.com/,
Soma,True,http:// www.somafab.com,
Somec,True,http://www.somec.com/,
Sondors,True,http://gosondors.com/,
Sonoma,True,http://sonomabike.com/,
Soulcraft,True,http://www.soulcraftbikes.com,
Source,,,
Spalding Bicycles,True,,
Sparta B.V.,True,,
Specialized,True,http://www.specialized.com/us/en/home/,
Spectrum,True,http://www.spectrum-cycles.com/,
Speedfil,,,
Speedwell bicycles,True,,
Spenco,,,
Spicer,True,http://www.spicercycles.com/,
SpiderTech,,,
Spike,,http://spikeparts.com/,
Spinskins,,,
Spooky,True,http://www.spookybikes.com,
SportRack,,,
Sportlegs,,,
Sportourer,,,
Spot,True,http://spotbrand.com/,
Sprintech,,,
Squeal Out,,,
Squire,,http://www.squirelocks.co.uk/security_advice/secure_your_bicycle.html,
St. Tropez,True,,
Stages cycling (Power meters),True,http://www.stagescycling.com/stagespower,
Staiger,True,http://www.staiger-fahrrad.de/,
Stan's No Tubes,,,
Standard Byke,True,http://www.standardbyke.com/,
Stanley,,,
Stanridge Speed,True,http://www.stanridgespeed.com/,
State Bicycle Co.,True,http://www.statebicycle.com/,
Steadyrack,,,
Steelman Cycles,True,http://www.steelmancycles.com/,
Stein,,,
Stein Trikes,True,http://www.steintrikes.com/index.php,
Stelber Cycle Corp,True,,
Stella,True,,
Stem CAPtain,,,
Sterling Bicycle Co.,True,,
Steve Potts,True,http://www.stevepottsbicycles.com,
Stevens,True,http://www.stevensbikes.de/2014/index.php,
Stevenson Custom Bicycles,True,http://stevensoncustombikes.com/,
Stoemper,True,http://stoemper.com/,
Stolen Bicycle Co.,True,,
Stop Flats 2,,,
Strada Customs,True,http://www.stradacustoms.com,
Stradalli Cycles,True,http://www.carbonroadbikebicyclecycling.com/,
Straitline,,,
Strawberry Bicycle,True,http://www.strawberrybicycle.com/,
Strida,True,,
Strider,True,http://www.striderbikes.com/,
Stromer,True,http://www.stromerbike.com/en/us,
Strong Frames,True,http://www.strongframes.com/,
Sturmey-Archer,,,
Stålhästen,True,http://www.stalhasten.eu/st%C3%A5lh%C3%A4sten,
Subrosa,True,http://subrosabrand.com/,
Suelo,,,
Sugino,,,
Sun,True,,
Sun Ringle,,,
SunRace,True,http://www.sunrace.com/,
Sunday,True,http://www.sundaybikes.com,https://files.bikeindex.org/uploads/Ma/355/wwwsundaybikescom.png
Sunn,True,https://www.facebook.com/sunn.bicycle,
Suomi,,,
Superfeet,,,
Supernova,,,
Surly,True,http://surlybikes.com,https://files.bikeindex.org/uploads/Ma/112/surlybikescom.png
Surrey,True,http://www.internationalsurreyco.com,
Sutherlands,,,
Suunto,,,
Suzuki,True,,
Sweatpea Bicycles,True,http://www.sweetpeabicycles.com/,
Swingset,True,http://www.swingsetbicycles.com/,
Swix,,,
Swobo,True,http://shop.swobo.com/,
SyCip,True,http://sycip.com/,
Syntace,,,
T Mat Pro,,,
TET Cycles (Tom Teesdale Bikes),True,http://tetcycles.com/,
TH Industries,,,
TI Cycles of India,True,,
TRP,,,
TYR,,,
Tacx,,https://www.tacx.com/,
Takara,True,http://takarabikes.com/,
Talisman,True,,
Tallac,,http://tallachouse.com/,
Tamer,,,
Tange-Seiki,,,
Tangent Products,,,
Tati Cycles,True,http://taticycles.com/,https://files.bikeindex.org/uploads/Ma/1209/tati.jpg
Taylor Bicycles (Paul Taylor),True,http://taylorbicycles.blogspot.com/,
Tec Labs,,,
Tektro,,,
Tern,True,http://www.ternbicycles.com/us/,
Terra Trike,True,http://www.terratrike.com/,
Terrible One,True,http://www.terribleone.com,
Terrot,True,,
Terry,True,http://www.terrybicycles.com/,
The Arthur Pequegnat Clock Company,True,,
The Bicycle Forge,True,http://www.bicycleforge.com/,
The Hive,,,
Thinksport,,,
Thomson,,,
Thorn Cycles,True,,
Throne Cycles,True,http://thronecycles.com/,
Thruster,True,http://walmart.com,https://files.bikeindex.org/uploads/Ma/1161/walmartcom.png
Thule,True,http://www.thule.com,https://files.bikeindex.org/uploads/Ma/848/wwwthulecom.png
Ti Cycles,True,http://ticycles.com/,
Tigr,,http://tigrlock.com,https://files.bikeindex.org/uploads/Ma/111/tigrlockcom.png
Timbuk2,,,
Time,True,http://www.time-sport.com/,
Timex,,,
Tioga,,,
Titan,True,http://www.titanracingbikes.com/,
Titus,True,http://www.titusti.com,https://files.bikeindex.org/uploads/Ma/1043/wwwtitusticom.png
Toko,,,
Tomac,True,http://www.tomac.com.au/,
Tommasini,True,http://tommasinibicycle.com/,
Tommaso,True,http://tommasobikes.com/,
Tony Hawk,True,http://www.toysrus.com/,
Topeak,,,
TorHans,,,
Torelli,True,http://www.torelli.com/,
Torker,True,,
Tour de France,True,http://cyclefg.com/,
Toyo,True,http://toyoframe.com/,
Traitor,True,http://www.traitorcycles.com,
Transit,,http://www.performancebike.com/bikes/CategoryDisplay?catalogId=10551&storeId=10052&categoryId=400763&langId=-1&parent_category_rn=400345&top_category=400345&pageView=,
Transition Bikes,True,http://www.transitionbikes.com/,
Tranz-X,,,
Trayl,True,http://traylcycling.com/,
Tree,,,
Trek,True,http://www.trekbikes.com/us/en/,
Tressostar,,,
TriFlow,,,
TriSlide,,,
TriSwim,,,
Tribe Bicycle Co,True,http://tribebicycles.com/,
Trigger Point,,,
Trik Topz,,,
Trinx,True,http://www.trinx.com/,
Triumph Cycle,True,,
TruVativ,,,
Tubasti,,,
Tufo,,,
Tunturi,True,,
Turin,True,http://www.turinbicycle.com/,
Turner Bicycles,True,http://www.turnerbikes.com/,
Twin Six,True,https://www.twinsix.com/,
TwoFish,,,
UCLEAR,,,
UCO,,,
Uline,,,
Ultimate Survival Technologies,,,
UltraPaws,,,
Umberto Dei,True,http://umbertodei.it/index.htm,
Unior,,,
Univega,True,,
Unknown,True,,
Upland,True,http://www.uplandbicycles.com/,
Urago,True,,
Utopia,True,,
VP Components,,,
VSF Fahrradmanufaktur,True,http://www.fahrradmanufaktur.de,https://files.bikeindex.org/uploads/Ma/1248/fahrradmanufakturde.png
Valdora,True,,
Van Dessel,True,http://www.vandesselsports.com/,
Van Herwerden,True,http://www.vanherwerden.nl/,
Vanilla,True,http://www.thevanillaworkshop.com/,
Vanmoof,True,http://vanmoof.com/,
Vargo,,,
Vassago,True,http://www.vassagocycles.com/,
Vee Rubber,,,
Velo,,,
Velo Orange,True,http://www.velo-orange.com/,
Velo Press,,,
Velo Vie,True,,
Velocity,,,
Velomotors,True,,
Velorbis,True,http://www.velorbis.com/velorbis-collections/velorbis-bicycles,
Velox,,,
Verde,True,http://verdebmx.com/2013completes/,
Versa,,,
Vilano,True,http://www.vilanobikes.com,https://files.bikeindex.org/uploads/Ma/981/wwwvilanobikescom.png
Villy Customs,True,,
Vincero Design,,,
Vindec High Riser,True,,
Virtue,True,http://www.virtuebike.com,
Viscount,True,,
Vision,True,http://www.visiontechusa.com/,
Vittoria,,,
Vitus,True,,
Viva,True,http://www.vivabikes.com/,
Vivente,True,http://www.viventebikes.com/,
Volae,True,,
Volagi,True,http://www.volagi.com/,
Volume,True,,
Voodoo,True,http://voodoocycles.net/,
Vortrieb,True,http://www.vortrieb.com/,
VéloSoleX,True,,
WD-40 Bike,,,
WTB,,,
Wabi Cycles,True,http://www.wabicycles.com/index.html,
Wahoo Fitness,,,
Wald,,,
Walking Bird,,,
Waterford,True,http://waterfordbikes.com/w/,
WeThePeople,True,,
WeeRide,True,http://www.weeride.com/,
Weehoo,True,http://rideweehoo.com/,
Wellgo,,,
Wheels Manufacturing,,,
Wheelsmith,,,
Where to Bike,,,
Whisky Parts Co,,,
Whispbar,,,
White Bros,,,
White Lightning,,,
Wigwam,,,
Wilderness Trail Bikes,True,,
Wilier Triestina,True,,
Williams,,,
Willworx,,,
Win,,,
Windsor,True,http://www.windsorbicycles.com/,
Winora,True,http://www.winora.de/,
Winter Bicycles,True,http://www.winterbicycles.com/,
Wippermann,,,
Witcomb Cycles,True,,
Witz,,,
Wooden Bike Coffee,,,
WordLock,True,http://wordlock.com/,
WorkCycles,True,http://www.workcycles.com/,
Worksman Cycles,True,http://www.worksmancycles.com/,
World Jerseys,,,
Wright Cycle Company,True,,
X-Fusion,,,
X-Lab,,,
X-Treme,True,http://www.x-tremescooters.com,
Xds,True,http://www.xdsbicycles.com/,
Xootr,True,,
Xpedo,,,
Xtracycle,True,http://www.xtracycle.com/,
YST,,,
Yakima,,,
Yaktrax,,,
Yamaguchi Bicycles,True,http://www.yamaguchibike.com/content/Index,
Yamaha,True,,
Yankz,,,
Yeti,True,http://www.yeticycles.com,https://files.bikeindex.org/uploads/Ma/1091/wwwyeticyclescom.png
Yuba,True,http://yubabikes.com/,
Yurbuds,,,
Zensah,,,
Zigo,True,,
Zinn Cycles,True,http://zinncycles.com,
Zipp Speed Weaponry,,,
Zoic,,,
Zoom,,,
Zoot,,,
Zycle Fix,True,http://zyclefix.com/,
b'Twin,True,http://www.btwin.com/en/home,
beixo,True,http://www.beixo.com/,
de Fietsfabriek ,True,http://www.defietsfabriek.nl/,
di Florino,True,,
e*thirteen,,,
eGear,,,
eZip,True,http://www.currietech.com/,
eflow (Currietech),True,http://www.currietech.com/,
elete,,,
epicRIDES,,,
liteloc,,http://litelok.com/,
nuun,,,
sixthreezero,True,http://www.sixthreezero.com/,
van Andel/Bakfiets,True,http://www.bakfiets.nl/,

